"Generic"	"Add"	"Sub"	"Mul"
"VJulia (mean)"	0.00016633958190123994	0.00022858503464870066	0.000176178440455718
"VJulia (conf)"	2.2212571526637022e-6	3.6853464645672682e-6	2.823908773899478e-6
"BLAS (mean)"	0.00023329075268817205	0.00023321137907791856	0.00017661935659432385
"BLAS (conf)"	3.897742766592749e-6	3.3903507341019904e-6	2.8937083112426424e-6
"MKL (mean)"	0.0002455156350710901	0.0002469909994794378	0.00025723376307692304
"MKL (conf)"	1.298015005502253e-5	3.4331255829057764e-6	1.3087863673048237e-5
