"Generic"	"<X|Y>"	"aX"	"X+Y"	"X-Y"	"aX+Y"	"X.Y"	"X^2"	"X/Y"	"1/X"	"|X|"	"sqrt(X)"	"1/sqrt(X)"
"BLAS (mean)"	31.07483427835638	31.94587392699841	31.986681454148883	32.13908674495013	31.84310592185592	0.0	0.0	0.0	0.0	0.0	0.0	0.0
"BLAS (conf)"	0.11764958371441561	0.18847179205635364	0.12331772456333125	0.1069528777337039	0.12784213997876204	0.0	0.0	0.0	0.0	0.0	0.0	0.0
"MKL (mean)"	33.3750239265834	30.995536772472825	38.25698071130194	40.73705039797203	32.17930707654979	38.8458903705452	36.77194355759436	40.456361269439164	38.78155448376779	33.682094667306835	49.5242517625728	52.086986349924
"MKL (conf)"	1.0022259122414787	0.34266209219900823	0.16903463626939094	0.5244773995189413	0.16925705308521993	0.17627644601701536	0.3318978556368696	0.17469716770949809	0.166932938431664	0.18984798242511253	0.29060203117623107	0.5207075714756247
"VJulia (mean)"	239.010891089109	32.056181132663696	36.943768469008866	37.90874218462997	67.5822627037392	146.19766880367726	42.82952828691315	141.4077310792524	36.24863847102636	32.94423005216327	34.490687571978	40.123993925588444
"VJulia (conf)"	12.471138237405137	0.12109131680754828	0.12302923279932995	0.23914321708339642	10.757299039661065	0.5731643385146642	0.1692166450608958	0.7238376707545663	0.10387833819353491	0.4197988697549696	0.20975896619541765	0.8594625721272827
