"Generic"	"<X|Y>"	"aX"	"X+Y"	"X-Y"	"aX+Y"	"X.Y"	"X^2"	"X/Y"	"1/X"	"|X|"	"sqrt(X)"	"1/sqrt(X)"
"BLAS (mean)"	0.9429755268817205	0.5133962627118643	1.0324164561403508	1.009314238095238	1.1005394295302011	0.0	0.0	0.0	0.0	0.0	0.0	0.0
"BLAS (conf)"	0.10005443081457344	0.07552729814296205	0.13777568361780654	0.08830084635817252	0.10700683687084327	0.0	0.0	0.0	0.0	0.0	0.0	0.0
"MKL (mean)"	0.695040494117647	0.50270353125	1.4388848602150535	1.3641814200000002	1.5917199854014596	1.3956523163265304	1.022051027027027	1.4673193095238095	1.131376912087912	1.0470023866666667	5.638109599999999	6.992956375
"MKL (conf)"	0.08539197080091311	0.04933187592190954	0.14099041021683756	0.16759985599787675	0.44467243793336697	0.16403384137318963	0.09484506831438864	0.1608935624245077	0.11569420754728846	0.12271271303306924	0.567666207907516	1.0281915182909227
"VJulia (mean)"	2.5964605471698117	1.4109540729166665	1.7476478243243243	1.7983206551724136	3.2600895806451615	2.5772432272727275	10.674179200000001	4.39648004	4.4668466	2.2559868048780483	4.617023545454546	9.366768299999999
"VJulia (conf)"	0.2604739375285444	0.16344461015743297	0.17542684773121076	0.20286094270286323	0.4477096222754056	0.27366198563271793	0.63297376461114	0.25003064506762646	0.36904924357346724	0.20733291987618174	0.2618220531312537	0.6967651981734171
