"Generic"	"<X|Y>"	"aX"	"X+Y"	"X-Y"	"aX+Y"	"X.Y"	"X^2"	"X/Y"	"1/X"	"|X|"	"sqrt(X)"	"1/sqrt(X)"
"BLAS (mean)"	3.588113826111681	3.2021751625880253	3.2717699974699603	3.2475436118599985	3.198511691421166	0.0	0.0	0.0	0.0	0.0	0.0	0.0
"BLAS (conf)"	0.04252436007542935	0.013709677726437965	0.02270334572613188	0.010461947520466707	0.014857210278092397	0.0	0.0	0.0	0.0	0.0	0.0	0.0
"MKL (mean)"	3.3353150398974987	3.2765323878387367	4.483326998962098	4.579136786047131	3.6345258187953258	4.374292159689228	4.327627656058308	5.601692559391016	5.355190244772396	4.160649317797348	11.195053228708518	12.40034537978096
"MKL (conf)"	0.013329270676838756	0.015365112281205327	0.03343422987345845	0.03059426157589603	0.01576226056580419	0.0234943039490106	0.08193937585916297	0.03796543243460912	0.024045022011220565	0.02940921365244026	0.05805083247938415	0.057043658610275036
"VJulia (mean)"	14.647132505175984	3.820860030061449	4.1421990286420565	4.135095664439593	7.065769764216366	16.02640052915437	11.761353430639044	17.31668818328894	6.771710115760557	4.812081006020252	6.759020464162921	17.308669201520917
"VJulia (conf)"	0.8374269569086399	0.01763722368091422	0.013723058620428275	0.013890954751663511	0.5855319097407287	0.09629566691798352	0.09036877491369666	0.10990488405770084	0.01813426806046336	0.01751091238000323	0.020691632657754994	0.5132884532233799
