"Generic"	"<X|Y>"	"aX"	"X+Y"	"X-Y"	"aX+Y"	"X.Y"	"X^2"	"X/Y"	"1/X"	"|X|"	"sqrt(X)"	"1/sqrt(X)"
"BLAS (mean)"	0.5662232949820428	0.15751461982048565	0.2174422041192168	0.222516024116776	0.21844683566642029	0.0	0.0	0.0	0.0	0.0	0.0	0.0
"BLAS (conf)"	0.0019707231006888285	0.0006228657606709404	0.0006284552409444712	0.0005763038880249408	0.0005939065290551741	0.0	0.0	0.0	0.0	0.0	0.0	0.0
"MKL (mean)"	0.2406553445383471	0.16905090060662623	0.28396223193271003	0.2821597262578376	0.2673506843957763	0.2805057824885352	0.2904414963254145	0.880092312935823	0.8738185344921475	0.2657873813085328	6.503384807041973	8.546697318990484
"MKL (conf)"	0.008255218302574974	0.0004681320804874197	0.0011104293618004236	0.0010320280569197768	0.0029199208020910536	0.0019334094748886326	0.0010399370954004943	0.0022803313725913133	0.0023473145106812873	0.0009614872657573661	0.03083115425834122	0.054931614252899434
"VJulia (mean)"	1.7905317741935487	0.977570647694769	1.0597588595584624	1.0328212730892028	2.1931155208333335	1.7416111570696415	8.636776404144618	3.7506973717907677	3.7291169274731253	1.7292528229816473	3.6469752896607712	7.147521045485402
"VJulia (conf)"	0.37421419454660576	0.025917213375204078	0.03724868016044993	0.03178104685218013	0.6927996500657526	0.04026373210067478	0.08321720033427792	0.06368261297049639	0.047649452226664134	0.05680361707096345	0.05612532008219471	0.4105170029810275
