"Generic"	"<X|Y>"	"aX"	"X+Y"	"X-Y"	"aX+Y"	"X.Y"	"X^2"	"X/Y"	"1/X"	"|X|"	"sqrt(X)"	"1/sqrt(X)"
"BLAS (mean)"	0.8369241381536474	0.4017138100686499	0.8747848114543115	0.8585326733635774	0.8591860366004961	0.0	0.0	0.0	0.0	0.0	0.0	0.0
"BLAS (conf)"	0.021483753891967286	0.012302507790718412	0.021925855523106955	0.0205358322692303	0.019291945875951864	0.0	0.0	0.0	0.0	0.0	0.0	0.0
"MKL (mean)"	0.602173831339713	0.42906194454578617	1.1711690698113209	1.1990969973214285	0.88556499270073	1.1919908253968259	0.874977559670782	1.1896658787313432	1.1987323038869255	0.9208628836748181	5.165855884735203	5.469886874999999
"MKL (conf)"	0.022782111016330854	0.011304817385299966	0.030554514722914514	0.03262862640769564	0.02082924125775224	0.051374300363811826	0.02324091995473637	0.04830439845694779	0.03320616705538695	0.027392378163624605	0.19474775472229458	0.12644919772939597
"VJulia (mean)"	2.2540179175824178	1.3361691540203855	1.6821523780313843	1.6595578975741239	3.0055793851351353	1.9588862271944916	9.407232410526316	3.991755481818182	5.380872131474104	2.3784019076305216	4.127914950738916	9.511368614285715
"VJulia (conf)"	0.11153900062488901	0.040663006550765594	0.056418428177237454	0.06936293126060951	0.1610388370606222	0.058556283328303455	0.4766212565100611	0.09549316255457369	0.28529092733606554	0.0671459231115892	0.09726485989560928	0.30205716873184935
