"Generic"	"<X|Y>"	"aX"	"X+Y"	"X-Y"	"aX+Y"	"X.Y"	"X^2"	"X/Y"	"1/X"	"|X|"	"sqrt(X)"	"1/sqrt(X)"
"BLAS (mean)"	0.5344457669465491	0.16993186885472927	0.16712980364656382	0.15942320093457946	0.17115984078252178	0.0	0.0	0.0	0.0	0.0	0.0	0.0
"BLAS (conf)"	0.006890266690808431	0.0007705500897402035	0.002894100367171904	0.0031125825712330756	0.003189481134908073	0.0	0.0	0.0	0.0	0.0	0.0	0.0
"MKL (mean)"	0.15437414629992335	0.18569989468537257	0.39591397275611123	0.40957141626794263	0.19063054429913429	0.409000537862104	0.245783309822811	0.4698854975390542	0.46603276392648535	0.3275667824576639	6.156306762417715	7.406272935843792
"MKL (conf)"	0.002026468831566215	0.0010775548736707055	0.003219106377511749	0.004124473044201997	0.0054036481364156405	0.005381987403739182	0.004430447742440764	0.006191068470394192	0.007544634934108169	0.0021186574368240335	0.07839903932757987	0.12536102880867728
"VJulia (mean)"	3.2501674061433454	1.7619386919568825	1.9051580381269666	1.8942414241901477	3.964096525821596	2.599049639387145	9.730648836545326	4.805006361873992	4.676075289072426	2.7085142787906764	4.784155231699127	9.443525722543354
"VJulia (conf)"	0.24841206802163118	0.03497388551235718	0.024557961327445896	0.024564070783110226	0.2474248914490511	0.04258331090342068	0.1742535236287018	0.06749279620534548	0.06085955140402706	0.047921250209501234	0.07095539648111181	0.3039112258688964
