"Generic"	"<X|Y>"	"aX"	"X+Y"	"X-Y"	"aX+Y"	"X.Y"	"X^2"	"X/Y"	"1/X"	"|X|"	"sqrt(X)"	"1/sqrt(X)"
"BLAS (mean)"	0.8620331973089221	0.3996292547720424	0.4696377460949096	0.46056663778984	0.46799075644258925	0.0	0.0	0.0	0.0	0.0	0.0	0.0
"BLAS (conf)"	0.0030197440361624233	0.002823586726662691	0.005179851583826275	0.006718928221857098	0.0019030700406552953	0.0	0.0	0.0	0.0	0.0	0.0	0.0
"MKL (mean)"	0.4528249421719909	0.4252956123033814	0.5792671619991109	0.6463094292295877	0.4908685179422559	0.5798840343499796	0.5594270678960782	1.296665336535916	1.2746705339383817	0.6251012359710187	6.7674746450304255	7.828658226899323
"MKL (conf)"	0.004707393642676752	0.0016832582324550188	0.0031933580088008033	0.009404002104912814	0.002062385734066093	0.004052329426617642	0.004483013707520151	0.004247838667612853	0.0036650659368391287	0.0033752753227475093	0.023347345839295302	0.0407987616688648
"VJulia (mean)"	2.5975207039337485	1.1878456800852593	1.2363128792366795	1.2245164797274697	1.7774335205992509	3.102133328627894	8.714708732394367	5.310952959854176	3.9297449582868027	1.9345564305906142	3.884344334662275	6.87085587863464
"VJulia (conf)"	0.10919064694596506	0.04467160129578645	0.049445074845419844	0.03871602521949675	1.2447114639281103	0.0724575433183282	0.06881808896470389	0.08702203266296753	0.053083160743753965	0.06261334344512942	0.05141854871182354	0.16250856044587955
