"Generic"	"<X|Y>"	"aX"	"X+Y"	"X-Y"	"aX+Y"	"X.Y"	"X^2"	"X/Y"	"1/X"	"|X|"	"sqrt(X)"	"1/sqrt(X)"
"BLAS"	0.6978578721572932	1.2590266672116162	1.3160046822481404	1.5236247335654123	1.544850342759646	0.0	0.0	0.0	0.0	0.0	0.0	0.0
"MKL"	1.3436117139747563	1.1861401836851535	1.5198129898233836	1.365273721992802	1.5912529990779942	1.5010413058157293	1.7400333814309927	1.7918798811490444	1.6682314487852081	1.759800336272186	5.287778623233182	4.617719584104359
"VJulia"	1.494526716387168	1.7966735525615904	1.829575909441968	1.8207239807017763	1.952786101151769	1.1857508597072897	1.4512906685664415	1.0818496273825178	1.1618425859708927	1.3229050930688222	1.1187830727475399	1.1707292944822365
