"Generic"	"<X|Y>"	"aX"	"X+Y"	"X-Y"	"aX+Y"	"X.Y"	"X^2"	"X/Y"	"1/X"	"|X|"	"sqrt(X)"	"1/sqrt(X)"
"BLAS"	0.9559538150242767	0.9958334868301492	1.0385676834976822	1.0431169410838885	1.028966654194459	0.0	0.0	0.0	0.0	0.0	0.0	0.0
"MKL"	1.095130622383722	0.9885215597482861	1.0001493353800464	0.9319835296652218	0.9880401226683921	1.0694002595921988	1.0070049604451707	1.029144604656899	1.087148953998429	1.0948873455708317	3.6881129444085348	3.5359474544803655
"VJulia"	1.3429041730377984	1.080124648306847	1.0630954933049663	1.0699197306842152	2.0191517071369742	1.0327995531488683	1.229777696927116	1.0989067396043073	0.9773331180027844	0.9921634476661315	1.0798819901114167	0.6495096972336138
