"Generic"	"<X|Y>"	"aX"	"X+Y"	"X-Y"	"aX+Y"	"X.Y"	"X^2"	"X/Y"	"1/X"	"|X|"	"sqrt(X)"	"1/sqrt(X)"
"BLAS"	1.0955512522674682	1.1434736075922194	0.9729221548054449	0.9865970592263839	1.024262420320883	0.0	0.0	0.0	0.0	0.0	0.0	0.0
"MKL"	1.0641179265073315	0.8867068179490637	0.9246895329826645	1.011678333442918	0.9780574523910174	0.9702808653400612	0.9256460955726171	1.0105181074608762	1.0372318567051888	1.079728896189634	1.7410198677101645	1.1280866223451758
"VJulia"	0.8070574261996862	0.9646613013330416	0.917404166002066	1.203689871998462	0.775919213900138	0.9387779685950091	0.9771204802437877	0.959799119414136	0.9925500687438367	1.274773211310866	1.0581380934911038	1.3574684037792557
