"Generic"	"<X|Y>"	"aX"	"X+Y"	"X-Y"	"aX+Y"	"X.Y"	"X^2"	"X/Y"	"1/X"	"|X|"	"sqrt(X)"	"1/sqrt(X)"
"BLAS"	0.8500463938344157	2.322102080087271	1.9458843715617147	1.7826396195278889	2.0430720873604242	0.0	0.0	0.0	0.0	0.0	0.0	0.0
"MKL"	1.7502553635751912	2.0489529533404656	2.340321371058028	2.3010928974689993	1.7066431464801586	2.2141861696240333	1.5389455042880853	1.9152087619556237	1.9761627019271475	1.9351047238845673	5.404016370233657	4.210028623713155
"VJulia"	1.5777565682123218	2.0068125579805813	1.876160112705486	1.928439641619756	1.868281787175119	1.4283233844482592	1.369630570665002	1.1141813754171264	1.0590649990600307	1.317510740351072	1.099838292310672	1.1151448623608418
