"Generic"	"<X|Y>"	"aX"	"X+Y"	"X-Y"	"aX+Y"	"X.Y"	"X^2"	"X/Y"	"1/X"	"|X|"	"sqrt(X)"	"1/sqrt(X)"
"BLAS"	1.0045333901554516	0.9864100847829552	0.9749646600317309	0.9951832589130021	0.9854050680929152	0.0	0.0	0.0	0.0	0.0	0.0	0.0
"MKL"	0.9883851583882742	0.9907401927122894	1.0417160214770862	0.9154485226308103	1.2149695578727369	0.9908273211568912	1.0854350217717055	0.9772527476311165	1.194504588562358	1.0527571364689634	1.7329885833340948	1.803219281424186
"VJulia"	0.953411140472029	1.053369094871752	1.0029642004455859	0.9735930853715846	0.5874516249582679	0.9405837969435946	1.0952379518385253	1.1002179168840807	1.0374384127382192	1.0926483294855949	1.102347235206961	1.0841818860271422
