"Generic"	"<X|Y>"	"aX"	"X+Y"	"X-Y"	"aX+Y"	"X.Y"	"X^2"	"X/Y"	"1/X"	"|X|"	"sqrt(X)"	"1/sqrt(X)"
"BLAS"	0.7915345428318157	2.1119454668574225	2.31144131229627	2.5604276088397975	2.379291643631094	0.0	0.0	0.0	0.0	0.0	0.0	0.0
"MKL"	2.30187927413424	2.183920931124469	2.235602396283404	2.2678935272356657	2.374033364664095	2.2141705826268345	2.1264490732338452	2.2315329307696885	2.2169987024679414	2.1377450848669244	3.198652502168453	2.9333707235176587
"VJulia"	1.4179443516877979	1.6561188142886805	1.732283706798076	1.7451383877048405	1.9888087237451881	1.4517697360901998	1.3380879489002597	1.1872314963968167	1.136731804560111	1.2928074340979028	1.1336255759692764	1.1604280747505664
