"Generic"	"<X|Y>"	"aX"	"X+Y"	"X-Y"	"aX+Y"	"X.Y"	"X^2"	"X/Y"	"1/X"	"|X|"	"sqrt(X)"	"1/sqrt(X)"
"BLAS"	1.534413870319349	2.9764156979525804	1.9834977956340156	2.0471349466619913	2.0197852650648973	0.0	0.0	0.0	0.0	0.0	0.0	0.0
"MKL"	2.122838440234179	2.7825583648001593	2.0907616387366232	1.949979983825982	1.9678240116596948	1.9982711234785049	2.0241636698862964	1.961342223001576	1.9957357674704572	1.9592967488257333	4.040274327961305	3.8626412916165034
"VJulia"	2.029608832792019	2.140371207324312	2.0373817888385672	2.1084723658513163	2.1310004517598067	1.8712216835257376	1.333748306258299	1.2466268855263243	0.9081188433479762	1.3011646241026709	1.248129750184833	1.0502234386567662
