"Generic"	"<X|Y>"	"aX"	"X+Y"	"X-Y"	"aX+Y"	"X.Y"	"X^2"	"X/Y"	"1/X"	"|X|"	"sqrt(X)"	"1/sqrt(X)"
"BLAS"	1.2028916185481946	3.284171468218774	2.0143200764008267	1.9818438904282718	2.016618889843137	0.0	0.0	0.0	0.0	0.0	0.0	0.0
"MKL"	1.806708465254154	2.96817432185231	2.124399802180653	1.9748046282649037	2.0024582001888485	1.9874922999257973	2.042284601871154	1.7957924118231166	1.8219654762615443	1.9117726519206186	4.32645873652177	3.98523169253209
"VJulia"	1.644292441770812	1.8839950831165841	1.9623620935918016	1.963899108930273	1.9092211645193564	1.6669047606033696	1.2731985383295756	0.9472978929123032	1.0471302194571495	1.2307082778863945	0.979983597536214	1.0006468796039572
